<?xml version="1.0" encoding="UTF-8" standalone="no"?>
<config>
    <lines at="bottomright">
        <line>
            <str>Day {day}, {mctime} (</str>
            <if>
                <var>daytime</var>
                <str>$eDay</str>
                <str>$8Night</str>
            </if>
            <str> time$f)</str>
        </line>
        <line>
            <str>Biome: $e{biome}$f</str>
            <if>
                <var>slimes</var>
                <str> ($aSlime$f)</str>
                <str> </str>
            </if>
        </line>
        <line>
            <str>Light: </str>
            <max>
                <var>light</var>
                <num>7.5</num>
                <str>$e</str>
                <str>$c</str>
            </max>
            <var>light</var>
            <str>$r (eye: </str>
            <max>
                <var>lighteye</var>
                <num>7.5</num>
                <str>$e</str>
                <str>$c</str>
            </max>
            <var>lighteye</var>
            <str>$r)</str>
        </line>
        <line>
            <str>$fEXP: $e{xpthislevel}$f / $e{xpcap}$f ($e</str>
            <round>
                <pct>
                    <var>xpthislevel</var>
                    <var>xpcap</var>
                </pct>
                <num>0</num>
            </round>
            <str>%$f)</str>
        </line>
        <line>
            <str>FPS: </str>
            <op>
                <str>gt</str>
                <var>fps</var>
                <num>60</num>
                <num>45</num>
                <num>30</num>
                <num>15</num>
                <num>0</num>
                <str>$a</str>
                <str>$e</str>
                <str>$6</str>
                <str>$c</str>
                <str>$4</str>
                <str/>
            </op>
            <var>fps</var>
        </line>
        <line>
            <str>Entities: $e{entitiesrendered}$f / $e{entitiestotal}$f</str>
        </line>
    </lines>
    <lines at="bottomleft">
        <line>
            <var>mainhandicon</var>
            <str> </str>
            <op>
                <str>ge</str>
                <pct>
                    <var>mainhanddamageleft</var>
                    <var>mainhandmaxdamage</var>
                </pct>
                <num>50</num>
                <num>20</num>
                <num>10</num>
                <num>0</num>
                <str>$e</str>
                <str>$6</str>
                <str>$c</str>
                <str>$4</str>
                <str/>
            </op>
            <max>
                <var>mainhanddamageleft</var>
                <num>0</num>
                <str>{mainhanddamageleft}$f / $e{mainhandmaxdamage}</str>
                <var>mainhandname</var>
            </max>
        </line>
        <line>
            <var>offhandicon</var>
            <str> </str>
            <op>
                <str>ge</str>
                <pct>
                    <var>offhanddamageleft</var>
                    <var>offhandmaxdamage</var>
                </pct>
                <num>50</num>
                <num>20</num>
                <num>10</num>
                <num>0</num>
                <str>$e</str>
                <str>$6</str>
                <str>$c</str>
                <str>$4</str>
                <str/>
            </op>
            <max>
                <var>offhanddamageleft</var>
                <num>0</num>
                <str>{offhanddamageleft}$f / $e{offhandmaxdamage}</str>
                <var>offhandname</var>
            </max>
        </line>
        <line>
            <str> </str>
        </line>
    </lines>
    <lines at="middleright">
        <line>
            <max>
                <var>potiondurationticks0</var>
                <num>0.5</num>
                <str>{potionduration0} {potionicon0}</str>
                <str/>
            </max>
        </line>
        <line>
            <max>
                <var>potiondurationticks1</var>
                <num>0.5</num>
                <str>{potionduration1} {potionicon1}</str>
                <str/>
            </max>
        </line>
        <line>
            <max>
                <var>potiondurationticks2</var>
                <num>0.5</num>
                <str>{potionduration2} {potionicon2}</str>
                <str/>
            </max>
        </line>
        <line>
            <max>
                <var>potiondurationticks3</var>
                <num>0.5</num>
                <str>{potionduration3} {potionicon3}</str>
                <str/>
            </max>
        </line>
        <line>
            <max>
                <var>potiondurationticks4</var>
                <num>0.5</num>
                <str>{potionduration4} {potionicon4}</str>
                <str/>
            </max>
        </line>
        <line>
            <max>
                <var>potiondurationticks5</var>
                <num>0.5</num>
                <str>{potionduration5} {potionicon5}</str>
                <str/>
            </max>
        </line>
        <line>
            <max>
                <var>potiondurationticks6</var>
                <num>0.5</num>
                <str>{potionduration6} {potionicon6}</str>
                <str/>
            </max>
        </line>
        <line>
            <max>
                <var>potiondurationticks7</var>
                <num>0.5</num>
                <str>{potionduration7} {potionicon7}</str>
                <str/>
            </max>
        </line>
        <line>
            <max>
                <var>potiondurationticks8</var>
                <num>0.5</num>
                <str>{potionduration8} {potionicon8}</str>
                <str/>
            </max>
        </line>
        <line>
            <str> </str>
        </line>
        <line>
            <op>
                <str>ge</str>
                <pct>
                    <var>helmetdamageleft</var>
                    <var>helmetmaxdamage</var>
                </pct>
                <num>50</num>
                <num>20</num>
                <num>10</num>
                <str>$e</str>
                <str>$6</str>
                <str>$c</str>
                <str>$4</str>
            </op>
            <max>
                <var>helmetdamageleft</var>
                <num>0</num>
                <str>{helmetdamageleft}$f / $e{helmetmaxdamage}</str>
                <str/>
            </max>
            <str> </str>
            <var>helmeticon</var>
        </line>
        <line>
            <op>
                <str>ge</str>
                <pct>
                    <var>chestplatedamageleft</var>
                    <var>chestplatemaxdamage</var>
                </pct>
                <num>50</num>
                <num>20</num>
                <num>10</num>
                <str>$e</str>
                <str>$6</str>
                <str>$c</str>
                <str>$4</str>
            </op>
            <max>
                <var>chestplatedamageleft</var>
                <num>0</num>
                <str>{chestplatedamageleft}$f / $e{chestplatemaxdamage}</str>
                <str/>
            </max>
            <str> </str>
            <var>chestplateicon</var>
        </line>
        <line>
            <op>
                <str>ge</str>
                <pct>
                    <var>leggingsdamageleft</var>
                    <var>leggingsmaxdamage</var>
                </pct>
                <num>50</num>
                <num>20</num>
                <num>10</num>
                <str>$e</str>
                <str>$6</str>
                <str>$c</str>
                <str>$4</str>
            </op>
            <max>
                <var>leggingsdamageleft</var>
                <num>0</num>
                <str>{leggingsdamageleft}$f / $e{leggingsmaxdamage}</str>
                <str/>
            </max>
            <str> </str>
            <var>leggingsicon</var>
        </line>
        <line>
            <op>
                <str>ge</str>
                <pct>
                    <var>bootsdamageleft</var>
                    <var>bootsmaxdamage</var>
                </pct>
                <num>50</num>
                <num>20</num>
                <num>10</num>
                <str>$e</str>
                <str>$6</str>
                <str>$c</str>
                <str>$4</str>
            </op>
            <max>
                <var>bootsdamageleft</var>
                <num>0</num>
                <str>{bootsdamageleft}$f / $e{bootsmaxdamage}</str>
                <str/>
            </max>
            <str> </str>
            <var>bootsicon</var>
        </line>
    </lines>
</config>
